{"initial_reset_timestamp": 0.9810512, "timestamps": [35.0738103], "episode_lengths": [716], "episode_rewards": [132.54569733238938], "episode_types": ["t"]}